"INSEE_COM","LIBELLE","agr","art","cad","int","emp","ouv","act","pagr","part","pcad","pint","pemp","pouv","cat"
"76001","Allouville-Bellefosse",0,35,30,90,130,125,410,0,8.54,7.32,21.95,31.71,30.49,"emp"
"76002","Alvimare",0,13,8,55,55,72,203,0,6.4,3.94,27.09,27.09,35.47,"ouv"
"76004","Ambrumesnil",4,16,12,59,55,47,193,2.07,8.29,6.22,30.57,28.5,24.35,"int"
"76005","Amfreville-La-Mi-Voie",0,63,151,434,400,250,1298,0,4.85,11.63,33.44,30.82,19.26,"int"
"76006","Amfreville-Les-Champs",0,11,0,5,32,32,80,0,13.75,0,6.25,40,40,"emp"
"76007","Anceaumeville",10,31,26,41,46,71,225,4.44,13.78,11.56,18.22,20.44,31.56,"ouv"
"76008","Ancourt",0,45,15,55,75,45,235,0,19.15,6.38,23.4,31.91,19.15,"emp"
"76009","Ancourteville-Sur-Héricourt",0,5,14,43,24,39,125,0,4,11.2,34.4,19.2,31.2,"int"
"76010","Ancretiéville-Saint-Victor",8,12,16,29,49,65,179,4.47,6.7,8.94,16.2,27.37,36.31,"ouv"
"76011","Ancretteville-Sur-Mer",0,10,0,10,25,35,80,0,12.5,0,12.5,31.25,43.75,"ouv"
"76012","Angerville-Bailleul",0,5,5,25,15,30,80,0,6.25,6.25,31.25,18.75,37.5,"ouv"
"76013","Angerville-La-Martel",17,16,41,74,116,108,372,4.57,4.3,11.02,19.89,31.18,29.03,"emp"
"76014","Angerville-L'orcher",10,15,65,115,140,105,450,2.22,3.33,14.44,25.56,31.11,23.33,"emp"
"76015","Angiens",5,10,10,77,51,51,204,2.45,4.9,4.9,37.75,25,25,"int"
"76016","Anglesqueville-La-Bras-Long",0,0,0,15,30,20,65,0,0,0,23.08,46.15,30.77,"emp"
"76017","Anglesqueville-L'esneval",0,10,30,55,50,75,220,0,4.55,13.64,25,22.73,34.09,"ouv"
"76018","Val-De-Saâne",10,25,10,134,139,189,507,1.97,4.93,1.97,26.43,27.42,37.28,"ouv"
"76019","Anneville-Sur-Scie",0,12,0,20,44,68,144,0,8.33,0,13.89,30.56,47.22,"ouv"
"76020","Anneville-Ambourville",20,12,20,104,120,128,404,4.95,2.97,4.95,25.74,29.7,31.68,"ouv"
"76021","Annouville-Vilmesnil",5,0,49,60,76,65,255,1.96,0,19.22,23.53,29.8,25.49,"emp"
"76022","Anquetierville",8,4,8,52,24,44,140,5.71,2.86,5.71,37.14,17.14,31.43,"int"
"76023","Anvéville",0,4,4,40,36,40,124,0,3.23,3.23,32.26,29.03,32.26,"int"
"76024","Ardouval",0,0,15,5,10,20,50,0,0,30,10,20,40,"ouv"
"76025","Argueil",24,4,8,20,24,44,124,19.35,3.23,6.45,16.13,19.35,35.48,"ouv"
"76026","Arques-La-Bataille",5,46,57,185,283,283,859,0.58,5.36,6.64,21.54,32.95,32.95,"emp"
"76028","Aubéguimont",0,5,0,5,5,60,75,0,6.67,0,6.67,6.67,80,"ouv"
"76029","Aubermesnil-Aux-Érables",5,15,0,20,5,20,65,7.69,23.08,0,30.77,7.69,30.77,"int"
"76030","Aubermesnil-Beaumais",0,0,10,39,75,39,163,0,0,6.13,23.93,46.01,23.93,"emp"
"76032","Auberville-La-Manuel",0,0,9,0,23,9,41,0,0,21.95,0,56.1,21.95,"emp"
"76033","Auberville-La-Renault",8,12,13,45,58,41,177,4.52,6.78,7.34,25.42,32.77,23.16,"emp"
"76034","Auffay",0,55,65,120,175,200,615,0,8.94,10.57,19.51,28.46,32.52,"ouv"
"76035","Aumale",12,86,59,103,166,297,723,1.66,11.89,8.16,14.25,22.96,41.08,"ouv"
"76036","Auppegard",5,30,25,80,60,50,250,2,12,10,32,24,20,"int"
"76038","Authieux-Ratiéville",0,5,10,59,49,39,162,0,3.09,6.17,36.42,30.25,24.07,"int"
"76039","Authieux-Sur-Le-Port-Saint-Ouen",0,24,130,223,105,61,543,0,4.42,23.94,41.07,19.34,11.23,"int"
"76040","Autigny",0,8,0,24,33,49,114,0,7.02,0,21.05,28.95,42.98,"ouv"
"76041","Autretot",0,12,24,92,76,72,276,0,4.35,8.7,33.33,27.54,26.09,"int"
"76042","Auvilliers",17,6,0,6,6,0,35,48.57,17.14,0,17.14,17.14,0,"agr"
"76043","Auzebosc",4,12,36,100,136,116,404,0.99,2.97,8.91,24.75,33.66,28.71,"emp"
"76044","Auzouville-Auberbosc",10,5,20,30,40,40,145,6.9,3.45,13.79,20.69,27.59,27.59,"emp"
"76045","Auzouville-L'esneval",4,4,4,31,32,55,130,3.08,3.08,3.08,23.85,24.62,42.31,"ouv"
"76046","Auzouville-Sur-Ry",0,24,20,59,59,78,240,0,10,8.33,24.58,24.58,32.5,"ouv"
"76047","Auzouville-Sur-Saâne",0,4,4,12,16,12,48,0,8.33,8.33,25,33.33,25,"emp"
"76048","Avesnes-En-Bray",8,4,12,20,39,39,122,6.56,3.28,9.84,16.39,31.97,31.97,"emp"
"76049","Avesnes-En-Val",0,10,0,24,20,38,92,0,10.87,0,26.09,21.74,41.3,"ouv"
"76050","Avremesnil",10,15,50,65,115,135,390,2.56,3.85,12.82,16.67,29.49,34.62,"ouv"
"76051","Bacqueville-En-Caux",0,25,65,145,184,275,694,0,3.6,9.37,20.89,26.51,39.63,"ouv"
"76052","Bailleul-Neuville",10,0,10,29,43,12,104,9.62,0,9.62,27.88,41.35,11.54,"emp"
"76053","Baillolet",10,0,0,20,10,0,40,25,0,0,50,25,0,"int"
"76054","Bailly-En-Rivière",16,12,4,16,79,75,202,7.92,5.94,1.98,7.92,39.11,37.13,"emp"
"76055","Baons-Le-Comte",4,12,25,33,33,45,152,2.63,7.89,16.45,21.71,21.71,29.61,"ouv"
"76056","Bardouville",5,41,26,67,67,72,278,1.8,14.75,9.35,24.1,24.1,25.9,"ouv"
"76057","Barentin",5,137,365,1159,1390,1269,4325,0.12,3.17,8.44,26.8,32.14,29.34,"emp"
"76058","Baromesnil",5,5,5,40,10,20,85,5.88,5.88,5.88,47.06,11.76,23.53,"int"
"76059","Bazinval",0,8,16,29,45,58,156,0,5.13,10.26,18.59,28.85,37.18,"ouv"
"76060","Beaubec-La-Rosière",5,10,5,54,64,30,168,2.98,5.95,2.98,32.14,38.1,17.86,"emp"
"76062","Beaumont-Le-Hareng",0,5,15,10,35,30,95,0,5.26,15.79,10.53,36.84,31.58,"emp"
"76063","Beauval-En-Caux",5,15,20,40,30,40,150,3.33,10,13.33,26.67,20,26.67,"int"
"76064","Beaurepaire",0,20,20,25,85,40,190,0,10.53,10.53,13.16,44.74,21.05,"emp"
"76065","Beaussault",8,8,8,8,52,64,148,5.41,5.41,5.41,5.41,35.14,43.24,"ouv"
"76066","Beautot",0,0,12,12,8,16,48,0,0,25,25,16.67,33.33,"ouv"
"76067","Beauvoir-En-Lyons",28,16,12,60,64,68,248,11.29,6.45,4.84,24.19,25.81,27.42,"ouv"
"76068","Bec-De-Mortagne",4,12,36,56,81,113,302,1.32,3.97,11.92,18.54,26.82,37.42,"ouv"
"76069","Belbeuf",0,44,205,192,148,110,699,0,6.29,29.33,27.47,21.17,15.74,"cad"
"76070","Bellencombre",0,10,15,50,86,101,262,0,3.82,5.73,19.08,32.82,38.55,"ouv"
"76071","Bellengreville",5,15,10,48,34,48,160,3.12,9.38,6.25,30,21.25,30,"int"
"76072","Belleville-En-Caux",4,20,36,64,108,80,312,1.28,6.41,11.54,20.51,34.62,25.64,"emp"
"76074","Bellière",5,5,0,15,5,0,30,16.67,16.67,0,50,16.67,0,"int"
"76075","Belmesnil",0,4,28,63,47,83,225,0,1.78,12.44,28,20.89,36.89,"ouv"
"76076","Bénarville",0,0,13,8,21,46,88,0,0,14.77,9.09,23.86,52.27,"ouv"
"76077","Bénesville",0,10,5,25,20,10,70,0,14.29,7.14,35.71,28.57,14.29,"int"
"76078","Bennetot",12,0,8,12,20,8,60,20,0,13.33,20,33.33,13.33,"emp"
"76079","Bénouville",0,5,5,15,10,15,50,0,10,10,30,20,30,"int"
"76080","Bermonville",8,8,20,47,67,71,221,3.62,3.62,9.05,21.27,30.32,32.13,"ouv"
"76082","Bernières",8,24,40,87,48,60,267,3,8.99,14.98,32.58,17.98,22.47,"int"
"76083","Bertheauville",0,0,0,4,12,16,32,0,0,0,12.5,37.5,50,"ouv"
"76084","Bertreville",0,0,5,0,10,20,35,0,0,14.29,0,28.57,57.14,"ouv"
"76085","Bertreville-Saint-Ouen",0,12,24,40,40,36,152,0,7.89,15.79,26.32,26.32,23.68,"int"
"76086","Bertrimont",5,0,0,30,20,10,65,7.69,0,0,46.15,30.77,15.38,"int"
"76087","Berville",0,0,25,55,50,65,195,0,0,12.82,28.21,25.64,33.33,"ouv"
"76088","Berville-Sur-Seine",0,10,29,30,89,45,203,0,4.93,14.29,14.78,43.84,22.17,"emp"
"76090","Beuzeville-La-Grenier",0,33,33,167,135,90,458,0,7.21,7.21,36.46,29.48,19.65,"int"
"76091","Beuzeville-La-Guérard",0,9,9,14,5,19,56,0,16.07,16.07,25,8.93,33.93,"ouv"
"76092","Beuzevillette",0,16,16,44,79,91,246,0,6.5,6.5,17.89,32.11,36.99,"ouv"
"76093","Bézancourt",0,5,35,20,15,40,115,0,4.35,30.43,17.39,13.04,34.78,"ouv"
"76094","Bierville",8,8,21,42,17,21,117,6.84,6.84,17.95,35.9,14.53,17.95,"int"
"76095","Bihorel",0,80,581,786,651,275,2373,0,3.37,24.48,33.12,27.43,11.59,"int"
"76096","Biville-La-Baignarde",0,5,5,65,80,95,250,0,2,2,26,32,38,"ouv"
"76097","Biville-La-Rivière",0,0,4,16,20,20,60,0,0,6.67,26.67,33.33,33.33,"emp"
"76099","Blacqueville",9,4,34,98,72,42,259,3.47,1.54,13.13,37.84,27.8,16.22,"int"
"76100","Blainville-Crevon",16,8,128,144,116,68,480,3.33,1.67,26.67,30,24.17,14.17,"int"
"76101","Blangy-Sur-Bresle",10,60,50,115,199,349,783,1.28,7.66,6.39,14.69,25.42,44.57,"ouv"
"76103","Bonsecours",0,110,536,686,445,270,2047,0,5.37,26.18,33.51,21.74,13.19,"int"
"76104","Blosseville",4,8,27,4,35,20,98,4.08,8.16,27.55,4.08,35.71,20.41,"emp"
"76105","Bocasse",4,16,35,66,93,58,272,1.47,5.88,12.87,24.26,34.19,21.32,"emp"
"76106","Bois-D'ennebourg",0,10,70,35,40,20,175,0,5.71,40,20,22.86,11.43,"cad"
"76107","Bois-Guilbert",5,5,5,25,40,30,110,4.55,4.55,4.55,22.73,36.36,27.27,"emp"
"76108","Bois-Guillaume",0,328,1662,1264,586,275,4115,0,7.97,40.39,30.72,14.24,6.68,"cad"
"76109","Bois-Héroult",0,0,10,19,29,10,68,0,0,14.71,27.94,42.65,14.71,"emp"
"76110","Bois-Himont",4,4,4,40,20,68,140,2.86,2.86,2.86,28.57,14.29,48.57,"ouv"
"76111","Bois-L'évêque",5,0,39,65,39,30,178,2.81,0,21.91,36.52,21.91,16.85,"int"
"76112","Bois-Robert",0,0,19,29,48,29,125,0,0,15.2,23.2,38.4,23.2,"emp"
"76113","Boissay",5,10,15,65,35,60,190,2.63,5.26,7.89,34.21,18.42,31.58,"int"
"76114","Bolbec",6,123,157,779,1191,1470,3726,0.16,3.3,4.21,20.91,31.96,39.45,"ouv"
"76115","Bolleville",21,29,16,95,45,66,272,7.72,10.66,5.88,34.93,16.54,24.26,"int"
"76116","Boos",0,90,195,400,438,203,1326,0,6.79,14.71,30.17,33.03,15.31,"emp"
"76117","Bordeaux-Saint-Clair",5,30,10,80,79,55,259,1.93,11.58,3.86,30.89,30.5,21.24,"int"
"76118","Bornambusc",0,0,5,40,10,25,80,0,0,6.25,50,12.5,31.25,"int"
"76119","Bosc-Bérenger",0,0,12,32,12,28,84,0,0,14.29,38.1,14.29,33.33,"int"
"76120","Bosc-Bordel",5,5,25,44,49,45,173,2.89,2.89,14.45,25.43,28.32,26.01,"emp"
"76121","Bosc-Édeline",10,0,20,55,35,45,165,6.06,0,12.12,33.33,21.21,27.27,"int"
"76122","Callengeville",12,8,0,45,37,49,151,7.95,5.3,0,29.8,24.5,32.45,"ouv"
"76123","Bosc-Guérard-Saint-Adrien",8,28,88,123,76,40,363,2.2,7.71,24.24,33.88,20.94,11.02,"int"
"76124","Bosc-Hyons",0,25,4,47,30,72,178,0,14.04,2.25,26.4,16.85,40.45,"ouv"
"76125","Bosc-Le-Hard",0,20,40,126,141,141,468,0,4.27,8.55,26.92,30.13,30.13,"emp"
"76126","Bosc-Mesnil",5,0,5,45,40,40,135,3.7,0,3.7,33.33,29.63,29.63,"int"
"76127","Bosc-Roger-Sur-Buchy",10,20,15,91,60,91,287,3.48,6.97,5.23,31.71,20.91,31.71,"int"
"76128","Bosville",0,12,12,40,80,72,216,0,5.56,5.56,18.52,37.04,33.33,"emp"
"76129","Boudeville",5,5,5,35,25,10,85,5.88,5.88,5.88,41.18,29.41,11.76,"int"
"76130","Bouelles",0,0,15,20,15,30,80,0,0,18.75,25,18.75,37.5,"ouv"
"76131","Bouille",0,31,46,112,71,71,331,0,9.37,13.9,33.84,21.45,21.45,"int"
"76132","Bourdainville",5,5,15,25,80,65,195,2.56,2.56,7.69,12.82,41.03,33.33,"emp"
"76133","Bourg-Dun",4,8,12,55,39,20,138,2.9,5.8,8.7,39.86,28.26,14.49,"int"
"76134","Bourville",0,15,0,10,55,35,115,0,13.04,0,8.7,47.83,30.43,"emp"
"76135","Bouville",10,20,39,118,98,74,359,2.79,5.57,10.86,32.87,27.3,20.61,"int"
"76136","Brachy",0,0,10,40,55,129,234,0,0,4.27,17.09,23.5,55.13,"ouv"
"76138","Bracquetuit",5,35,15,35,25,20,135,3.7,25.93,11.11,25.93,18.52,14.81,"art"
"76139","Bradiancourt",0,0,10,21,20,41,92,0,0,10.87,22.83,21.74,44.57,"ouv"
"76140","Brametot",0,9,9,19,0,23,60,0,15,15,31.67,0,38.33,"ouv"
"76141","Bréauté",15,10,35,120,182,123,485,3.09,2.06,7.22,24.74,37.53,25.36,"emp"
"76142","Brémontier-Merval",8,20,12,36,52,60,188,4.26,10.64,6.38,19.15,27.66,31.91,"ouv"
"76143","Bretteville-Du-Grand-Caux",10,20,45,135,185,120,515,1.94,3.88,8.74,26.21,35.92,23.3,"emp"
"76144","Bretteville-Saint-Laurent",5,0,5,27,10,21,68,7.35,0,7.35,39.71,14.71,30.88,"int"
"76146","Buchy",0,25,45,99,163,89,421,0,5.94,10.69,23.52,38.72,21.14,"emp"
"76147","Bully",10,5,25,93,88,64,285,3.51,1.75,8.77,32.63,30.88,22.46,"int"
"76148","Bures-En-Bray",0,12,4,12,52,44,124,0,9.68,3.23,9.68,41.94,35.48,"emp"
"76149","Butot",0,0,5,45,55,15,120,0,0,4.17,37.5,45.83,12.5,"emp"
"76151","Cailleville",5,10,10,30,30,25,110,4.55,9.09,9.09,27.27,27.27,22.73,"int"
"76152","Cailly",0,29,49,107,97,49,331,0,8.76,14.8,32.33,29.31,14.8,"int"
"76153","Calleville-Les-Deux-Églises",5,15,10,20,35,25,110,4.55,13.64,9.09,18.18,31.82,22.73,"emp"
"76154","Campneuseville",0,10,0,30,50,89,179,0,5.59,0,16.76,27.93,49.72,"ouv"
"76155","Canehan",8,0,8,30,13,29,88,9.09,0,9.09,34.09,14.77,32.95,"int"
"76156","Canouville",0,0,4,16,55,32,107,0,0,3.74,14.95,51.4,29.91,"emp"
"76157","Canteleu",4,178,395,1192,1570,1416,4755,0.08,3.74,8.31,25.07,33.02,29.78,"emp"
"76158","Canville-Les-Deux-Églises",0,25,10,15,20,25,95,0,26.32,10.53,15.79,21.05,26.32,"art"
"76159","Cany-Barville",35,45,80,290,325,315,1090,3.21,4.13,7.34,26.61,29.82,28.9,"emp"
"76160","Carville-La-Folletière",0,12,29,41,45,53,180,0,6.67,16.11,22.78,25,29.44,"ouv"
"76161","Carville-Pot-De-Fer",8,0,4,8,4,16,40,20,0,10,20,10,40,"ouv"
"76162","Catelier",4,4,8,42,17,25,100,4,4,8,42,17,25,"int"
"76163","Catenay",5,5,45,91,60,50,256,1.95,1.95,17.58,35.55,23.44,19.53,"int"
"76164","Rives-En-Seine",23,64,159,312,498,417,1473,1.56,4.34,10.79,21.18,33.81,28.31,"emp"
"76165","Caudebec-Lès-Elbeuf",4,137,189,680,1147,1187,3344,0.12,4.1,5.65,20.33,34.3,35.5,"ouv"
"76166","Caule-Sainte-Beuve",15,5,5,40,40,60,165,9.09,3.03,3.03,24.24,24.24,36.36,"ouv"
"76167","Cauville-Sur-Mer",5,40,115,165,139,99,563,0.89,7.1,20.43,29.31,24.69,17.58,"int"
"76168","Cent-Acres",0,0,0,9,0,13,22,0,0,0,40.91,0,59.09,"ouv"
"76169","Cerlangue",0,5,75,150,105,110,445,0,1.12,16.85,33.71,23.6,24.72,"int"
"76170","Chapelle-Du-Bourgay",0,0,15,10,20,10,55,0,0,27.27,18.18,36.36,18.18,"emp"
"76171","Chapelle-Saint-Ouen",14,0,5,14,14,9,56,25,0,8.93,25,25,16.07,"agr"
"76172","Chapelle-Sur-Dun",5,0,0,5,21,16,47,10.64,0,0,10.64,44.68,34.04,"emp"
"76173","Chaussée",4,4,35,17,121,56,237,1.69,1.69,14.77,7.17,51.05,23.63,"emp"
"76174","Cideville",9,13,13,38,8,34,115,7.83,11.3,11.3,33.04,6.96,29.57,"int"
"76175","Clais",10,10,5,30,20,30,105,9.52,9.52,4.76,28.57,19.05,28.57,"int"
"76176","Clasville",0,8,8,24,28,20,88,0,9.09,9.09,27.27,31.82,22.73,"emp"
"76177","Claville-Motteville",5,10,10,21,31,26,103,4.85,9.71,9.71,20.39,30.1,25.24,"emp"
"76178","Cléon",0,43,55,323,535,552,1508,0,2.85,3.65,21.42,35.48,36.6,"ouv"
"76179","Clères",4,39,90,121,148,105,507,0.79,7.69,17.75,23.87,29.19,20.71,"emp"
"76180","Cleuville",0,8,0,20,16,36,80,0,10,0,25,20,45,"ouv"
"76181","Cléville",0,10,15,5,10,20,60,0,16.67,25,8.33,16.67,33.33,"ouv"
"76182","Cliponville",5,0,25,20,20,20,90,5.56,0,27.78,22.22,22.22,22.22,"cad"
"76183","Colleville",5,20,6,95,75,80,281,1.78,7.12,2.14,33.81,26.69,28.47,"int"
"76184","Colmesnil-Manneville",0,0,15,5,10,5,35,0,0,42.86,14.29,28.57,14.29,"cad"
"76185","Compainville",20,5,0,0,20,10,55,36.36,9.09,0,0,36.36,18.18,"agr"
"76186","Conteville",15,26,10,51,41,72,215,6.98,12.09,4.65,23.72,19.07,33.49,"ouv"
"76187","Contremoulins",16,5,10,10,16,10,67,23.88,7.46,14.93,14.93,23.88,14.93,"agr"
"76188","Cottévrard",0,15,10,30,70,65,190,0,7.89,5.26,15.79,36.84,34.21,"emp"
"76189","Crasville-La-Mallet",5,0,5,5,5,16,36,13.89,0,13.89,13.89,13.89,44.44,"ouv"
"76190","Crasville-La-Rocquefort",8,12,0,4,16,24,64,12.5,18.75,0,6.25,25,37.5,"ouv"
"76191","Cressy",10,5,10,35,35,30,125,8,4,8,28,28,24,"int"
"76192","Criel-Sur-Mer",10,99,69,220,179,284,861,1.16,11.5,8.01,25.55,20.79,32.98,"ouv"
"76193","Crique",12,8,0,8,64,48,140,8.57,5.71,0,5.71,45.71,34.29,"emp"
"76194","Criquebeuf-En-Caux",0,4,20,28,37,20,109,0,3.67,18.35,25.69,33.94,18.35,"emp"
"76195","Criquetot-Le-Mauconduit",0,26,0,20,10,10,66,0,39.39,0,30.3,15.15,15.15,"art"
"76196","Criquetot-L'esneval",29,39,74,191,298,254,885,3.28,4.41,8.36,21.58,33.67,28.7,"emp"
"76197","Criquetot-Sur-Longueville",5,0,5,24,43,14,91,5.49,0,5.49,26.37,47.25,15.38,"emp"
"76198","Criquetot-Sur-Ouville",0,20,41,98,77,53,289,0,6.92,14.19,33.91,26.64,18.34,"int"
"76199","Criquiers",5,15,20,30,70,106,246,2.03,6.1,8.13,12.2,28.46,43.09,"ouv"
"76200","Critot",0,5,31,52,36,58,182,0,2.75,17.03,28.57,19.78,31.87,"ouv"
"76201","Croisy-Sur-Andelle",0,15,10,70,70,55,220,0,6.82,4.55,31.82,31.82,25,"int"
"76202","Croixdalle",0,0,0,18,35,44,97,0,0,0,18.56,36.08,45.36,"ouv"
"76203","Croix-Mare",5,30,25,89,64,69,282,1.77,10.64,8.87,31.56,22.7,24.47,"int"
"76204","Cropus",0,8,8,28,24,32,100,0,8,8,28,24,32,"ouv"
"76205","Crosville-Sur-Scie",4,0,12,12,32,12,72,5.56,0,16.67,16.67,44.44,16.67,"emp"
"76206","Cuverville",0,5,10,55,40,25,135,0,3.7,7.41,40.74,29.63,18.52,"int"
"76207","Cuverville-Sur-Yères",20,0,5,20,0,17,62,32.26,0,8.06,32.26,0,27.42,"agr"
"76208","Cuy-Saint-Fiacre",0,20,29,44,64,103,260,0,7.69,11.15,16.92,24.62,39.62,"ouv"
"76209","Dampierre-En-Bray",20,24,16,52,36,56,204,9.8,11.76,7.84,25.49,17.65,27.45,"ouv"
"76210","Dampierre-Saint-Nicolas",0,24,24,56,56,56,216,0,11.11,11.11,25.93,25.93,25.93,"int"
"76211","Dancourt",20,10,0,0,0,45,75,26.67,13.33,0,0,0,60,"ouv"
"76212","Darnétal",0,133,311,776,1225,933,3378,0,3.94,9.21,22.97,36.26,27.62,"emp"
"76213","Daubeuf-Serville",0,4,8,16,52,56,136,0,2.94,5.88,11.76,38.24,41.18,"ouv"
"76214","Dénestanville",0,10,5,15,29,44,103,0,9.71,4.85,14.56,28.16,42.72,"ouv"
"76216","Déville-Lès-Rouen",0,171,475,1120,1290,865,3921,0,4.36,12.11,28.56,32.9,22.06,"emp"
"76217","Dieppe",32,393,890,1796,3038,2488,8637,0.37,4.55,10.3,20.79,35.17,28.81,"emp"
"76218","Doudeauville",5,5,0,20,5,10,45,11.11,11.11,0,44.44,11.11,22.22,"int"
"76219","Doudeville",0,55,31,238,248,241,813,0,6.77,3.81,29.27,30.5,29.64,"emp"
"76220","Douvrend",0,12,12,32,69,49,174,0,6.9,6.9,18.39,39.66,28.16,"emp"
"76221","Drosay",5,0,10,25,15,20,75,6.67,0,13.33,33.33,20,26.67,"int"
"76222","Duclair",5,85,145,354,469,374,1432,0.35,5.94,10.13,24.72,32.75,26.12,"emp"
"76223","Écalles-Alix",16,16,16,53,65,49,215,7.44,7.44,7.44,24.65,30.23,22.79,"emp"
"76224","Écrainville",5,30,70,125,110,75,415,1.2,7.23,16.87,30.12,26.51,18.07,"int"
"76225","Écretteville-Lès-Baons",0,10,25,45,25,50,155,0,6.45,16.13,29.03,16.13,32.26,"ouv"
"76226","Écretteville-Sur-Mer",0,0,12,25,20,25,82,0,0,14.63,30.49,24.39,30.49,"int"
"76227","Ectot-L'auber",0,19,38,85,113,66,321,0,5.92,11.84,26.48,35.2,20.56,"emp"
"76228","Ectot-Lès-Baons",0,8,28,40,24,32,132,0,6.06,21.21,30.3,18.18,24.24,"int"
"76229","Elbeuf-En-Bray",16,8,28,32,28,65,177,9.04,4.52,15.82,18.08,15.82,36.72,"ouv"
"76230","Elbeuf-Sur-Andelle",0,26,43,34,55,47,205,0,12.68,20.98,16.59,26.83,22.93,"emp"
"76231","Elbeuf",0,199,336,1260,1770,2149,5714,0,3.48,5.88,22.05,30.98,37.61,"ouv"
"76232","Életot",0,15,20,35,80,90,240,0,6.25,8.33,14.58,33.33,37.5,"ouv"
"76233","Ellecourt",0,0,0,5,14,24,43,0,0,0,11.63,32.56,55.81,"ouv"
"76234","Émanville",5,0,15,85,120,85,310,1.61,0,4.84,27.42,38.71,27.42,"emp"
"76235","Envermeu",10,40,91,116,196,262,715,1.4,5.59,12.73,16.22,27.41,36.64,"ouv"
"76236","Envronville",0,8,4,41,28,49,130,0,6.15,3.08,31.54,21.54,37.69,"ouv"
"76237","Épinay-Sur-Duclair",19,0,20,60,79,80,258,7.36,0,7.75,23.26,30.62,31.01,"ouv"
"76238","Épouville",0,35,162,303,268,151,919,0,3.81,17.63,32.97,29.16,16.43,"int"
"76239","Épretot",8,16,27,122,71,55,299,2.68,5.35,9.03,40.8,23.75,18.39,"int"
"76240","Épreville",4,41,49,73,134,77,378,1.06,10.85,12.96,19.31,35.45,20.37,"emp"
"76241","Ermenouville",4,0,0,8,12,16,40,10,0,0,20,30,40,"ouv"
"76242","Ernemont-La-Villette",5,15,0,10,10,20,60,8.33,25,0,16.67,16.67,33.33,"ouv"
"76243","Ernemont-Sur-Buchy",15,1,0,39,44,31,130,11.54,0.77,0,30,33.85,23.85,"emp"
"76244","Esclavelles",0,28,4,24,28,32,116,0,24.14,3.45,20.69,24.14,27.59,"ouv"
"76245","Eslettes",4,8,84,211,156,135,598,0.67,1.34,14.05,35.28,26.09,22.58,"int"
"76247","Esteville",12,16,16,37,66,57,204,5.88,7.84,7.84,18.14,32.35,27.94,"emp"
"76248","Estouteville-Écalles",5,15,15,65,58,35,193,2.59,7.77,7.77,33.68,30.05,18.13,"int"
"76249","Étaimpuis",5,14,34,48,87,106,294,1.7,4.76,11.56,16.33,29.59,36.05,"ouv"
"76250","Étainhus",16,12,64,136,124,92,444,3.6,2.7,14.41,30.63,27.93,20.72,"int"
"76251","Étalleville",0,15,15,10,55,65,160,0,9.38,9.38,6.25,34.38,40.62,"ouv"
"76252","Étalondes",5,20,77,82,87,71,342,1.46,5.85,22.51,23.98,25.44,20.76,"emp"
"76253","Étoutteville",12,21,29,111,86,74,333,3.6,6.31,8.71,33.33,25.83,22.22,"int"
"76254","Étretat",8,48,44,155,127,79,461,1.74,10.41,9.54,33.62,27.55,17.14,"int"
"76255","Eu",32,147,214,470,627,656,2146,1.49,6.85,9.97,21.9,29.22,30.57,"ouv"
"76257","Fallencourt",4,12,0,20,8,24,68,5.88,17.65,0,29.41,11.76,35.29,"ouv"
"76258","Fauville-En-Caux",0,30,55,213,246,140,684,0,4.39,8.04,31.14,35.96,20.47,"emp"
"76259","Fécamp",5,258,494,1159,1917,1991,5824,0.09,4.43,8.48,19.9,32.92,34.19,"ouv"
"76260","Ferrières-En-Bray",0,50,30,105,115,200,500,0,10,6,21,23,40,"ouv"
"76261","Ferté-Saint-Samson",4,8,12,40,53,65,182,2.2,4.4,6.59,21.98,29.12,35.71,"ouv"
"76262","Fesques",10,0,5,10,10,10,45,22.22,0,11.11,22.22,22.22,22.22,"agr"
"76263","Feuillie",8,25,66,107,99,111,416,1.92,6.01,15.87,25.72,23.8,26.68,"ouv"
"76264","Flamanville",10,14,29,81,38,43,215,4.65,6.51,13.49,37.67,17.67,20,"int"
"76265","Flamets-Frétils",11,11,5,0,5,42,74,14.86,14.86,6.76,0,6.76,56.76,"ouv"
"76266","Flocques",12,27,0,59,59,90,247,4.86,10.93,0,23.89,23.89,36.44,"ouv"
"76268","Fongueusemare",10,0,5,15,20,30,80,12.5,0,6.25,18.75,25,37.5,"ouv"
"76269","Fontaine-En-Bray",5,5,5,20,20,0,55,9.09,9.09,9.09,36.36,36.36,0,"int"
"76270","Fontaine-La-Mallet",0,65,195,235,165,90,750,0,8.67,26,31.33,22,12,"int"
"76271","Fontaine-Le-Bourg",0,15,65,184,191,180,635,0,2.36,10.24,28.98,30.08,28.35,"emp"
"76272","Fontaine-Le-Dun",0,34,15,53,92,141,335,0,10.15,4.48,15.82,27.46,42.09,"ouv"
"76273","Fontaine-Sous-Préaux",0,15,65,30,20,25,155,0,9.68,41.94,19.35,12.9,16.13,"cad"
"76274","Fontelaye",5,0,0,0,5,0,10,50,0,0,0,50,0,"agr"
"76275","Fontenay",0,40,45,140,54,45,324,0,12.35,13.89,43.21,16.67,13.89,"int"
"76276","Forges-Les-Eaux",5,72,77,206,432,252,1044,0.48,6.9,7.38,19.73,41.38,24.14,"emp"
"76278","Foucarmont",4,4,8,23,47,125,211,1.9,1.9,3.79,10.9,22.27,59.24,"ouv"
"76279","Foucart",4,8,0,41,45,65,163,2.45,4.91,0,25.15,27.61,39.88,"ouv"
"76280","Fréauville",0,0,20,20,5,10,55,0,0,36.36,36.36,9.09,18.18,"cad"
"76281","Frénaye",10,50,80,180,190,185,695,1.44,7.19,11.51,25.9,27.34,26.62,"emp"
"76282","Freneuse",0,8,36,84,88,40,256,0,3.12,14.06,32.81,34.38,15.62,"emp"
"76283","Fresles",24,16,8,16,20,36,120,20,13.33,6.67,13.33,16.67,30,"ouv"
"76284","Fresnay-Le-Long",5,5,10,45,20,40,125,4,4,8,36,16,32,"int"
"76285","Fresne-Le-Plan",5,30,29,125,65,29,283,1.77,10.6,10.25,44.17,22.97,10.25,"int"
"76286","Fresnoy-Folny",15,15,10,25,75,140,280,5.36,5.36,3.57,8.93,26.79,50,"ouv"
"76287","Fresquiennes",5,42,94,137,73,42,393,1.27,10.69,23.92,34.86,18.58,10.69,"int"
"76288","Freulleville",0,28,4,32,28,52,144,0,19.44,2.78,22.22,19.44,36.11,"ouv"
"76289","Saint Martin De L'if",28,36,69,167,170,201,671,4.17,5.37,10.28,24.89,25.34,29.96,"ouv"
"76290","Frichemesnil",10,20,30,45,45,15,165,6.06,12.12,18.18,27.27,27.27,9.09,"int"
"76291","Froberville",10,19,43,63,135,173,443,2.26,4.29,9.71,14.22,30.47,39.05,"ouv"
"76292","Fry",0,0,8,25,12,16,61,0,0,13.11,40.98,19.67,26.23,"int"
"76293","Fultot",0,8,8,16,12,41,85,0,9.41,9.41,18.82,14.12,48.24,"ouv"
"76294","Gaillarde",0,20,16,28,8,40,112,0,17.86,14.29,25,7.14,35.71,"ouv"
"76295","Gaillefontaine",15,10,20,40,111,156,352,4.26,2.84,5.68,11.36,31.53,44.32,"ouv"
"76296","Gainneville",0,27,97,305,283,224,936,0,2.88,10.36,32.59,30.24,23.93,"int"
"76297","Gancourt-Saint-Étienne",10,0,5,15,10,30,70,14.29,0,7.14,21.43,14.29,42.86,"ouv"
"76298","Ganzeville",4,17,4,54,37,70,186,2.15,9.14,2.15,29.03,19.89,37.63,"ouv"
"76299","Gerponville",0,15,5,30,45,45,140,0,10.71,3.57,21.43,32.14,32.14,"emp"
"76300","Gerville",4,4,29,45,41,20,143,2.8,2.8,20.28,31.47,28.67,13.99,"int"
"76302","Goderville",8,28,97,264,309,199,905,0.88,3.09,10.72,29.17,34.14,21.99,"emp"
"76303","Gommerville",0,15,50,94,65,75,299,0,5.02,16.72,31.44,21.74,25.08,"int"
"76304","Gonfreville-Caillot",0,8,12,20,28,48,116,0,6.9,10.34,17.24,24.14,41.38,"ouv"
"76305","Gonfreville-L'orcher",8,63,107,694,1002,1176,3050,0.26,2.07,3.51,22.75,32.85,38.56,"ouv"
"76306","Gonnetot",0,0,5,25,15,30,75,0,0,6.67,33.33,20,40,"ouv"
"76307","Gonneville-La-Mallet",0,44,60,164,108,88,464,0,9.48,12.93,35.34,23.28,18.97,"int"
"76308","Gonneville-Sur-Scie",15,15,15,34,59,29,167,8.98,8.98,8.98,20.36,35.33,17.37,"emp"
"76309","Gonzeville",0,4,0,12,8,8,32,0,12.5,0,37.5,25,25,"int"
"76311","Goupillières",0,16,8,40,52,44,160,0,10,5,25,32.5,27.5,"emp"
"76312","Gournay-En-Bray",20,111,143,338,534,875,2021,0.99,5.49,7.08,16.72,26.42,43.3,"ouv"
"76313","Gouy",0,15,60,124,60,50,309,0,4.85,19.42,40.13,19.42,16.18,"int"
"76314","Graimbouville",4,4,40,109,68,52,277,1.44,1.44,14.44,39.35,24.55,18.77,"int"
"76315","Grainville-La-Teinturière",12,40,20,92,100,108,372,3.23,10.75,5.38,24.73,26.88,29.03,"ouv"
"76316","Grainville-Sur-Ry",5,5,10,54,54,35,163,3.07,3.07,6.13,33.13,33.13,21.47,"int"
"76317","Grainville-Ymauville",19,5,5,50,44,70,193,9.84,2.59,2.59,25.91,22.8,36.27,"ouv"
"76318","Grand-Camp",5,5,25,100,90,45,270,1.85,1.85,9.26,37.04,33.33,16.67,"int"
"76319","Grand-Couronne",0,61,274,889,1084,1043,3351,0,1.82,8.18,26.53,32.35,31.13,"emp"
"76320","Grandcourt",16,5,0,10,16,57,104,15.38,4.81,0,9.62,15.38,54.81,"ouv"
"76321","Grandes-Ventes",15,69,39,104,173,212,612,2.45,11.27,6.37,16.99,28.27,34.64,"ouv"
"76322","Grand-Quevilly",4,210,528,2158,3212,2430,8542,0.05,2.46,6.18,25.26,37.6,28.45,"emp"
"76323","Graval",0,22,11,16,16,16,81,0,27.16,13.58,19.75,19.75,19.75,"art"
"76324","Grèges",5,15,15,45,115,100,295,1.69,5.08,5.08,15.25,38.98,33.9,"emp"
"76325","Grémonville",0,8,20,69,20,65,182,0,4.4,10.99,37.91,10.99,35.71,"int"
"76327","Greuville",5,0,10,15,20,80,130,3.85,0,7.69,11.54,15.38,61.54,"ouv"
"76328","Grigneuseville",0,16,20,37,45,37,155,0,10.32,12.9,23.87,29.03,23.87,"emp"
"76329","Gruchet-Le-Valasse",10,35,44,301,296,286,972,1.03,3.6,4.53,30.97,30.45,29.42,"int"
"76330","Gruchet-Saint-Siméon",10,31,15,41,91,71,259,3.86,11.97,5.79,15.83,35.14,27.41,"emp"
"76331","Grugny",5,9,9,33,42,43,141,3.55,6.38,6.38,23.4,29.79,30.5,"ouv"
"76332","Grumesnil",26,0,0,26,26,72,150,17.33,0,0,17.33,17.33,48,"ouv"
"76333","Guerville",10,5,15,15,35,80,160,6.25,3.12,9.38,9.38,21.88,50,"ouv"
"76334","Gueures",0,20,4,65,44,81,214,0,9.35,1.87,30.37,20.56,37.85,"ouv"
"76335","Gueutteville",8,0,8,0,16,16,48,16.67,0,16.67,0,33.33,33.33,"emp"
"76336","Gueutteville-Les-Grès",5,25,5,35,25,15,110,4.55,22.73,4.55,31.82,22.73,13.64,"int"
"76338","Hallotière",0,6,10,25,50,0,91,0,6.59,10.99,27.47,54.95,0,"emp"
"76339","Hanouard",0,10,5,5,35,15,70,0,14.29,7.14,7.14,50,21.43,"emp"
"76340","Harcanville",0,8,21,25,49,54,157,0,5.1,13.38,15.92,31.21,34.39,"ouv"
"76341","Harfleur",1,90,107,697,992,990,2877,0.03,3.13,3.72,24.23,34.48,34.41,"emp"
"76342","Hattenville",0,12,24,69,89,85,279,0,4.3,8.6,24.73,31.9,30.47,"emp"
"76343","Haucourt",8,8,15,23,19,35,108,7.41,7.41,13.89,21.3,17.59,32.41,"ouv"
"76344","Haudricourt",16,21,0,11,27,58,133,12.03,15.79,0,8.27,20.3,43.61,"ouv"
"76345","Haussez",0,4,0,12,24,24,64,0,6.25,0,18.75,37.5,37.5,"emp"
"76346","Hautot-L'auvray",8,0,12,24,24,52,120,6.67,0,10,20,20,43.33,"ouv"
"76347","Hautot-Le-Vatois",17,0,17,42,21,37,134,12.69,0,12.69,31.34,15.67,27.61,"int"
"76348","Hautot-Saint-Sulpice",10,24,29,76,58,62,259,3.86,9.27,11.2,29.34,22.39,23.94,"int"
"76349","Hautot-Sur-Mer",4,50,143,156,154,99,606,0.66,8.25,23.6,25.74,25.41,16.34,"int"
"76350","Hautot-Sur-Seine",0,10,25,85,20,33,173,0,5.78,14.45,49.13,11.56,19.08,"int"
"76351","Havre",11,1840,6565,14085,17786,14896,55183,0.02,3.33,11.9,25.52,32.23,26.99,"emp"
"76352","Haye",0,5,5,19,49,58,136,0,3.68,3.68,13.97,36.03,42.65,"ouv"
"76353","Héberville",0,5,5,10,15,10,45,0,11.11,11.11,22.22,33.33,22.22,"emp"
"76354","Hénouville",8,40,115,127,99,75,464,1.72,8.62,24.78,27.37,21.34,16.16,"int"
"76355","Héricourt-En-Caux",4,8,16,36,134,81,279,1.43,2.87,5.73,12.9,48.03,29.03,"emp"
"76356","Hermanville",5,0,5,0,10,5,25,20,0,20,0,40,20,"emp"
"76357","Hermeville",15,0,15,40,45,10,125,12,0,12,32,36,8,"emp"
"76358","Héron",0,5,15,15,35,35,105,0,4.76,14.29,14.29,33.33,33.33,"emp"
"76359","Héronchelles",0,10,0,15,5,0,30,0,33.33,0,50,16.67,0,"int"
"76360","Heugleville-Sur-Scie",15,15,15,55,55,65,220,6.82,6.82,6.82,25,25,29.55,"ouv"
"76361","Heuqueville",5,30,25,110,65,60,295,1.69,10.17,8.47,37.29,22.03,20.34,"int"
"76362","Heurteauville",0,0,10,21,46,46,123,0,0,8.13,17.07,37.4,37.4,"emp"
"76363","Hodeng-Au-Bosc",0,5,0,20,60,90,175,0,2.86,0,11.43,34.29,51.43,"ouv"
"76364","Hodeng-Hodenger",8,0,12,28,20,44,112,7.14,0,10.71,25,17.86,39.29,"ouv"
"76365","Houdetot",0,4,0,12,12,12,40,0,10,0,30,30,30,"int"
"76366","Houlme",0,64,101,364,420,393,1342,0,4.77,7.53,27.12,31.3,29.28,"emp"
"76367","Houppeville",4,37,284,322,179,86,912,0.44,4.06,31.14,35.31,19.63,9.43,"int"
"76368","Houquetot",5,5,10,55,35,30,140,3.57,3.57,7.14,39.29,25,21.43,"int"
"76369","Houssaye-Béranger",0,20,4,57,65,36,182,0,10.99,2.2,31.32,35.71,19.78,"emp"
"76370","Hugleville-En-Caux",0,4,24,33,45,61,167,0,2.4,14.37,19.76,26.95,36.53,"ouv"
"76371","Ifs",0,0,0,0,0,15,15,0,0,0,0,0,100,"ouv"
"76372","Illois",8,13,0,29,37,42,129,6.2,10.08,0,22.48,28.68,32.56,"ouv"
"76373","Imbleville",0,4,4,17,34,33,92,0,4.35,4.35,18.48,36.96,35.87,"emp"
"76374","Incheville",0,61,10,87,77,205,440,0,13.86,2.27,19.77,17.5,46.59,"ouv"
"76375","Ingouville",9,5,0,24,10,28,76,11.84,6.58,0,31.58,13.16,36.84,"ouv"
"76377","Isneauville",5,84,313,275,169,37,883,0.57,9.51,35.45,31.14,19.14,4.19,"cad"
"76378","Jumièges",8,56,64,133,140,202,603,1.33,9.29,10.61,22.06,23.22,33.5,"ouv"
"76379","Lamberville",4,8,0,21,8,8,49,8.16,16.33,0,42.86,16.33,16.33,"int"
"76380","Lammerville",0,20,15,40,40,60,175,0,11.43,8.57,22.86,22.86,34.29,"ouv"
"76381","Landes-Vieilles-Et-Neuves",0,5,0,10,15,25,55,0,9.09,0,18.18,27.27,45.45,"ouv"
"76382","Lanquetot",5,25,5,93,166,151,445,1.12,5.62,1.12,20.9,37.3,33.93,"emp"
"76383","Lestanville",0,5,5,5,15,5,35,0,14.29,14.29,14.29,42.86,14.29,"emp"
"76384","Lillebonne",15,88,220,608,996,1055,2982,0.5,2.95,7.38,20.39,33.4,35.38,"ouv"
"76385","Limésy",10,5,35,184,174,159,567,1.76,0.88,6.17,32.45,30.69,28.04,"int"
"76386","Limpiville",8,4,12,36,36,28,124,6.45,3.23,9.68,29.03,29.03,22.58,"int"
"76387","Lindebeuf",0,17,8,38,38,42,143,0,11.89,5.59,26.57,26.57,29.37,"ouv"
"76388","Lintot",5,5,5,50,55,30,150,3.33,3.33,3.33,33.33,36.67,20,"emp"
"76389","Lintot-Les-Bois",0,0,0,10,10,35,55,0,0,0,18.18,18.18,63.64,"ouv"
"76390","Loges",10,25,55,105,145,90,430,2.33,5.81,12.79,24.42,33.72,20.93,"emp"
"76391","Londe",0,69,169,275,181,126,820,0,8.41,20.61,33.54,22.07,15.37,"int"
"76392","Londinières",10,46,15,82,88,139,380,2.63,12.11,3.95,21.58,23.16,36.58,"ouv"
"76393","Longmesnil",4,8,0,4,0,8,24,16.67,33.33,0,16.67,0,33.33,"art"
"76394","Longroy",0,5,15,40,55,110,225,0,2.22,6.67,17.78,24.44,48.89,"ouv"
"76395","Longueil",0,36,10,30,46,56,178,0,20.22,5.62,16.85,25.84,31.46,"ouv"
"76396","Longuerue",0,20,20,35,49,20,144,0,13.89,13.89,24.31,34.03,13.89,"emp"
"76397","Longueville-Sur-Scie",0,5,15,109,99,79,307,0,1.63,4.89,35.5,32.25,25.73,"int"
"76398","Louvetot",8,19,8,55,82,70,242,3.31,7.85,3.31,22.73,33.88,28.93,"emp"
"76399","Lucy",5,5,5,10,14,14,53,9.43,9.43,9.43,18.87,26.42,26.42,"emp"
"76400","Luneray",5,20,30,160,170,194,579,0.86,3.45,5.18,27.63,29.36,33.51,"ouv"
"76401","Arelaune-En-Seine",10,25,78,253,253,273,892,1.12,2.8,8.74,28.36,28.36,30.61,"ouv"
"76402","Malaunay",0,85,229,599,672,461,2046,0,4.15,11.19,29.28,32.84,22.53,"emp"
"76403","Malleville-Les-Grès",0,5,5,24,25,20,79,0,6.33,6.33,30.38,31.65,25.32,"emp"
"76404","Manéglise",10,25,75,205,130,80,525,1.9,4.76,14.29,39.05,24.76,15.24,"int"
"76405","Manéhouville",5,5,5,10,25,30,80,6.25,6.25,6.25,12.5,31.25,37.5,"ouv"
"76406","Maniquerville",4,8,8,44,68,32,164,2.44,4.88,4.88,26.83,41.46,19.51,"emp"
"76407","Manneville-Ès-Plains",10,5,15,20,5,5,60,16.67,8.33,25,33.33,8.33,8.33,"int"
"76408","Manneville-La-Goupil",5,20,15,133,124,120,417,1.2,4.8,3.6,31.89,29.74,28.78,"int"
"76409","Mannevillette",4,0,51,109,98,59,321,1.25,0,15.89,33.96,30.53,18.38,"int"
"76410","Maromme",3,156,283,700,1319,1128,3589,0.08,4.35,7.89,19.5,36.75,31.43,"emp"
"76411","Marques",10,5,5,29,0,24,73,13.7,6.85,6.85,39.73,0,32.88,"int"
"76412","Martainville-Épreville",12,16,40,68,105,56,297,4.04,5.39,13.47,22.9,35.35,18.86,"emp"
"76413","Martigny",5,0,0,36,51,61,153,3.27,0,0,23.53,33.33,39.87,"ouv"
"76414","Martin-Église",4,40,65,113,166,121,509,0.79,7.86,12.77,22.2,32.61,23.77,"emp"
"76415","Massy",0,16,16,20,30,50,132,0,12.12,12.12,15.15,22.73,37.88,"ouv"
"76416","Mathonville",0,8,4,24,64,40,140,0,5.71,2.86,17.14,45.71,28.57,"emp"
"76417","Maucomble",5,5,10,39,54,39,152,3.29,3.29,6.58,25.66,35.53,25.66,"emp"
"76418","Maulévrier-Sainte-Gertrude",0,25,30,76,151,101,383,0,6.53,7.83,19.84,39.43,26.37,"emp"
"76419","Mauny",5,15,20,25,15,0,80,6.25,18.75,25,31.25,18.75,0,"int"
"76420","Mauquenchy",12,4,8,32,44,28,128,9.38,3.12,6.25,25,34.38,21.88,"emp"
"76421","Mélamare",15,15,25,119,70,80,324,4.63,4.63,7.72,36.73,21.6,24.69,"int"
"76422","Melleville",0,0,0,45,40,45,130,0,0,0,34.62,30.77,34.62,"int"
"76423","Ménerval",20,0,12,8,20,20,80,25,0,15,10,25,25,"agr"
"76424","Ménonval",10,5,5,10,39,25,94,10.64,5.32,5.32,10.64,41.49,26.6,"emp"
"76425","Mentheville",0,5,10,29,48,39,131,0,3.82,7.63,22.14,36.64,29.77,"emp"
"76426","Mésangueville",5,11,0,16,5,16,53,9.43,20.75,0,30.19,9.43,30.19,"int"
"76427","Mesnières-En-Bray",12,32,20,64,113,117,358,3.35,8.94,5.59,17.88,31.56,32.68,"ouv"
"76428","Mesnil-Durdent",0,0,0,0,4,0,4,0,0,0,0,100,0,"emp"
"76429","Mesnil-Esnard",0,114,725,836,735,319,2729,0,4.18,26.57,30.63,26.93,11.69,"int"
"76430","Mesnil-Follemprise",0,5,5,10,20,10,50,0,10,10,20,40,20,"emp"
"76431","Mesnil-Lieubray",0,0,8,12,8,20,48,0,0,16.67,25,16.67,41.67,"ouv"
"76432","Mesnil-Mauger",15,0,10,25,30,25,105,14.29,0,9.52,23.81,28.57,23.81,"emp"
"76433","Mesnil-Panneville",4,12,41,89,77,81,304,1.32,3.95,13.49,29.28,25.33,26.64,"int"
"76434","Mesnil-Raoul",8,17,83,116,75,50,349,2.29,4.87,23.78,33.24,21.49,14.33,"int"
"76435","Mesnil-Réaume",0,25,10,59,84,95,273,0,9.16,3.66,21.61,30.77,34.8,"ouv"
"76436","Mesnil-Sous-Jumièges",10,0,25,86,65,84,270,3.7,0,9.26,31.85,24.07,31.11,"int"
"76437","Meulers",5,16,32,69,64,80,266,1.88,6.02,12.03,25.94,24.06,30.08,"ouv"
"76438","Millebosc",0,4,0,32,28,51,115,0,3.48,0,27.83,24.35,44.35,"ouv"
"76439","Mirville",0,5,5,25,40,35,110,0,4.55,4.55,22.73,36.36,31.82,"emp"
"76440","Molagnies",0,0,0,15,10,20,45,0,0,0,33.33,22.22,44.44,"ouv"
"76441","Monchaux-Soreng",5,10,15,55,50,120,255,1.96,3.92,5.88,21.57,19.61,47.06,"ouv"
"76442","Monchy-Sur-Eu",15,0,50,40,50,65,220,6.82,0,22.73,18.18,22.73,29.55,"ouv"
"76443","Mont-Cauvaire",0,25,25,45,50,55,200,0,12.5,12.5,22.5,25,27.5,"ouv"
"76445","Montérolier",0,12,28,57,49,61,207,0,5.8,13.53,27.54,23.67,29.47,"ouv"
"76446","Montigny",0,40,107,111,47,44,349,0,11.46,30.66,31.81,13.47,12.61,"int"
"76447","Montivilliers",10,180,751,1650,1618,1277,5486,0.18,3.28,13.69,30.08,29.49,23.28,"int"
"76448","Montmain",5,32,131,131,100,74,473,1.06,6.77,27.7,27.7,21.14,15.64,"cad"
"76449","Montreuil-En-Caux",5,36,21,78,57,52,249,2.01,14.46,8.43,31.33,22.89,20.88,"int"
"76450","Montroty",0,0,35,35,25,25,120,0,0,29.17,29.17,20.83,20.83,"cad"
"76451","Mont-Saint-Aignan",0,243,1694,1675,1278,323,5213,0,4.66,32.5,32.13,24.52,6.2,"cad"
"76452","Montville",5,104,144,472,527,446,1698,0.29,6.12,8.48,27.8,31.04,26.27,"emp"
"76453","Morgny-La-Pommeraye",4,32,52,127,123,64,402,1,7.96,12.94,31.59,30.6,15.92,"int"
"76454","Mortemer",4,11,0,11,4,11,41,9.76,26.83,0,26.83,9.76,26.83,"art"
"76455","Morville-Sur-Andelle",5,9,9,47,33,38,141,3.55,6.38,6.38,33.33,23.4,26.95,"int"
"76456","Motteville",10,25,15,80,90,85,305,3.28,8.2,4.92,26.23,29.51,27.87,"emp"
"76457","Moulineaux",0,29,33,120,117,79,378,0,7.67,8.73,31.75,30.95,20.9,"int"
"76458","Muchedent",0,5,15,15,20,0,55,0,9.09,27.27,27.27,36.36,0,"emp"
"76459","Nesle-Hodeng",0,0,21,29,33,41,124,0,0,16.94,23.39,26.61,33.06,"ouv"
"76460","Nesle-Normandeuse",4,4,4,16,56,119,203,1.97,1.97,1.97,7.88,27.59,58.62,"ouv"
"76461","Neufbosc",0,0,20,50,40,35,145,0,0,13.79,34.48,27.59,24.14,"int"
"76462","Neufchâtel-En-Bray",0,71,86,277,379,343,1156,0,6.14,7.44,23.96,32.79,29.67,"emp"
"76463","Neuf-Marché",0,48,12,68,56,84,268,0,17.91,4.48,25.37,20.9,31.34,"ouv"
"76464","Neuville-Chant-D'oisel",0,50,227,313,182,96,868,0,5.76,26.15,36.06,20.97,11.06,"int"
"76465","Neuville-Ferrières",0,15,10,56,66,91,238,0,6.3,4.2,23.53,27.73,38.24,"ouv"
"76467","Néville",0,30,30,110,120,115,405,0,7.41,7.41,27.16,29.63,28.4,"emp"
"76468","Nointot",5,30,25,136,121,157,474,1.05,6.33,5.27,28.69,25.53,33.12,"ouv"
"76469","Nolléval",16,0,10,50,30,41,147,10.88,0,6.8,34.01,20.41,27.89,"int"
"76470","Normanville",12,16,12,82,69,82,273,4.4,5.86,4.4,30.04,25.27,30.04,"int"
"76471","Norville",4,16,16,131,90,78,335,1.19,4.78,4.78,39.1,26.87,23.28,"int"
"76472","Notre-Dame-D'aliermont",14,10,19,53,96,101,293,4.78,3.41,6.48,18.09,32.76,34.47,"ouv"
"76473","Notre-Dame-De-Bliquetuit",0,5,40,110,55,70,280,0,1.79,14.29,39.29,19.64,25,"int"
"76474","Notre-Dame-De-Bondeville",0,109,298,650,829,427,2313,0,4.71,12.88,28.1,35.84,18.46,"emp"
"76475","Franqueville-Saint-Pierre",0,135,543,742,458,299,2177,0,6.2,24.94,34.08,21.04,13.73,"int"
"76476","Port-Jérôme-Sur-Seine",12,142,283,1000,952,1119,3508,0.34,4.05,8.07,28.51,27.14,31.9,"ouv"
"76477","Notre-Dame-Du-Bec",5,5,30,48,40,45,173,2.89,2.89,17.34,27.75,23.12,26.01,"int"
"76478","Notre-Dame-Du-Parc",8,4,0,16,16,16,60,13.33,6.67,0,26.67,26.67,26.67,"int"
"76479","Nullemont",0,0,0,0,15,15,30,0,0,0,0,50,50,"emp"
"76480","Ocqueville",10,20,25,20,30,45,150,6.67,13.33,16.67,13.33,20,30,"ouv"
"76481","Octeville-Sur-Mer",32,195,391,568,506,378,2070,1.55,9.42,18.89,27.44,24.44,18.26,"int"
"76482","Offranville",20,61,97,255,266,240,939,2.13,6.5,10.33,27.16,28.33,25.56,"emp"
"76483","Oherville",5,0,10,35,25,5,80,6.25,0,12.5,43.75,31.25,6.25,"int"
"76484","Oissel",3,138,334,919,1445,1155,3994,0.08,3.46,8.36,23.01,36.18,28.92,"emp"
"76485","Omonville",10,0,0,41,5,10,66,15.15,0,0,62.12,7.58,15.15,"int"
"76486","Orival",0,8,44,116,144,104,416,0,1.92,10.58,27.88,34.62,25,"emp"
"76487","Osmoy-Saint-Valery",8,13,4,17,38,38,118,6.78,11.02,3.39,14.41,32.2,32.2,"emp"
"76488","Ouainville",0,0,10,43,48,57,158,0,0,6.33,27.22,30.38,36.08,"ouv"
"76489","Oudalle",5,0,15,80,35,30,165,3.03,0,9.09,48.48,21.21,18.18,"int"
"76490","Ourville-En-Caux",5,15,29,82,107,122,360,1.39,4.17,8.06,22.78,29.72,33.89,"ouv"
"76491","Ouville-L'abbaye",5,0,39,72,77,87,280,1.79,0,13.93,25.71,27.5,31.07,"ouv"
"76492","Ouville-La-Rivière",15,5,10,45,35,40,150,10,3.33,6.67,30,23.33,26.67,"int"
"76493","Paluel",0,20,10,50,68,45,193,0,10.36,5.18,25.91,35.23,23.32,"emp"
"76494","Parc-D'anxtot",15,10,20,56,56,66,223,6.73,4.48,8.97,25.11,25.11,29.6,"ouv"
"76495","Pavilly",10,90,159,631,651,661,2202,0.45,4.09,7.22,28.66,29.56,30.02,"ouv"
"76497","Petit-Couronne",0,127,259,753,1007,839,2985,0,4.25,8.68,25.23,33.74,28.11,"emp"
"76498","Petit-Quevilly",0,320,724,2000,2578,2480,8102,0,3.95,8.94,24.69,31.82,30.61,"emp"
"76499","Petiville",8,37,38,104,130,129,446,1.79,8.3,8.52,23.32,29.15,28.92,"emp"
"76500","Pierrecourt",5,5,5,15,40,75,145,3.45,3.45,3.45,10.34,27.59,51.72,"ouv"
"76501","Pierrefiques",0,8,0,20,12,16,56,0,14.29,0,35.71,21.43,28.57,"int"
"76502","Pierreval",0,14,23,73,50,55,215,0,6.51,10.7,33.95,23.26,25.58,"int"
"76503","Pissy-Pôville",12,28,68,131,135,84,458,2.62,6.11,14.85,28.6,29.48,18.34,"emp"
"76504","Pleine-Sève",0,0,4,8,20,20,52,0,0,7.69,15.38,38.46,38.46,"emp"
"76505","Pommereux",0,0,5,5,15,15,40,0,0,12.5,12.5,37.5,37.5,"emp"
"76506","Pommeréval",10,5,0,65,60,50,190,5.26,2.63,0,34.21,31.58,26.32,"int"
"76507","Ponts-Et-Marais",4,43,12,79,55,51,244,1.64,17.62,4.92,32.38,22.54,20.9,"int"
"76508","Poterie-Cap-D'antifer",0,15,15,75,50,25,180,0,8.33,8.33,41.67,27.78,13.89,"int"
"76509","Préaux",33,37,124,206,173,120,693,4.76,5.34,17.89,29.73,24.96,17.32,"int"
"76510","Prétot-Vicquemare",0,0,5,19,28,14,66,0,0,7.58,28.79,42.42,21.21,"emp"
"76511","Preuseville",5,0,0,0,5,10,20,25,0,0,0,25,50,"ouv"
"76512","Puisenval",4,0,0,0,4,0,8,50,0,0,0,50,0,"agr"
"76513","Quevillon",0,10,25,85,40,25,185,0,5.41,13.51,45.95,21.62,13.51,"int"
"76514","Quévreville-La-Poterie",5,15,45,125,80,40,310,1.61,4.84,14.52,40.32,25.81,12.9,"int"
"76515","Quiberville",10,5,35,45,50,35,180,5.56,2.78,19.44,25,27.78,19.44,"emp"
"76516","Quièvrecourt",0,10,10,25,61,35,141,0,7.09,7.09,17.73,43.26,24.82,"emp"
"76517","Quincampoix",15,96,271,327,166,91,966,1.55,9.94,28.05,33.85,17.18,9.42,"int"
"76518","Raffetot",0,20,25,65,40,80,230,0,8.7,10.87,28.26,17.39,34.78,"ouv"
"76519","Rainfreville",5,5,0,5,0,0,15,33.33,33.33,0,33.33,0,0,"agr"
"76520","Réalcamp",8,28,8,48,44,109,245,3.27,11.43,3.27,19.59,17.96,44.49,"ouv"
"76521","Rebets",4,0,8,8,8,12,40,10,0,20,20,20,30,"ouv"
"76522","Remuée",10,35,60,189,105,100,499,2,7.01,12.02,37.88,21.04,20.04,"int"
"76523","Rétonval",15,10,5,0,15,35,80,18.75,12.5,6.25,0,18.75,43.75,"ouv"
"76524","Reuville",0,0,0,20,0,15,35,0,0,0,57.14,0,42.86,"int"
"76525","Ricarville",5,0,0,21,56,56,138,3.62,0,0,15.22,40.58,40.58,"emp"
"76526","Ricarville-Du-Val",0,0,0,25,15,10,50,0,0,0,50,30,20,"int"
"76527","Richemont",12,12,0,32,48,76,180,6.67,6.67,0,17.78,26.67,42.22,"ouv"
"76528","Rieux",0,4,8,24,36,166,238,0,1.68,3.36,10.08,15.13,69.75,"ouv"
"76529","Riville",16,0,5,21,32,43,117,13.68,0,4.27,17.95,27.35,36.75,"ouv"
"76530","Robertot",0,0,4,8,20,12,44,0,0,9.09,18.18,45.45,27.27,"emp"
"76531","Rocquefort",4,16,16,28,28,28,120,3.33,13.33,13.33,23.33,23.33,23.33,"int"
"76532","Rocquemont",0,24,20,141,137,52,374,0,6.42,5.35,37.7,36.63,13.9,"int"
"76533","Rogerville",8,20,29,112,140,101,410,1.95,4.88,7.07,27.32,34.15,24.63,"emp"
"76534","Rolleville",0,5,53,139,91,91,379,0,1.32,13.98,36.68,24.01,24.01,"int"
"76535","Roncherolles-En-Bray",0,5,30,10,60,60,165,0,3.03,18.18,6.06,36.36,36.36,"emp"
"76536","Roncherolles-Sur-Le-Vivier",0,20,45,119,99,55,338,0,5.92,13.31,35.21,29.29,16.27,"int"
"76537","Ronchois",8,0,12,4,8,24,56,14.29,0,21.43,7.14,14.29,42.86,"ouv"
"76538","Rosay",0,10,10,35,20,10,85,0,11.76,11.76,41.18,23.53,11.76,"int"
"76540","Rouen",17,1583,9581,11316,9977,5913,38387,0.04,4.12,24.96,29.48,25.99,15.4,"int"
"76541","Roumare",10,35,171,131,131,30,508,1.97,6.89,33.66,25.79,25.79,5.91,"cad"
"76542","Routes",0,5,0,24,39,39,107,0,4.67,0,22.43,36.45,36.45,"emp"
"76543","Rouville",4,8,20,36,85,93,246,1.63,3.25,8.13,14.63,34.55,37.8,"ouv"
"76544","Rouvray-Catillon",5,0,5,35,30,30,105,4.76,0,4.76,33.33,28.57,28.57,"int"
"76545","Rouxmesnil-Bouteilles",0,27,96,200,234,219,776,0,3.48,12.37,25.77,30.15,28.22,"emp"
"76546","Royville",10,0,5,15,20,35,85,11.76,0,5.88,17.65,23.53,41.18,"ouv"
"76547","Rue-Saint-Pierre",4,21,94,98,78,57,352,1.14,5.97,26.7,27.84,22.16,16.19,"int"
"76548","Ry",5,42,31,88,68,26,260,1.92,16.15,11.92,33.85,26.15,10,"int"
"76549","Saâne-Saint-Just",0,20,5,0,10,15,50,0,40,10,0,20,30,"art"
"76550","Sahurs",5,15,93,134,149,62,458,1.09,3.28,20.31,29.26,32.53,13.54,"emp"
"76551","Sainneville",0,35,45,50,100,70,300,0,11.67,15,16.67,33.33,23.33,"emp"
"76552","Sainte-Adresse",5,204,696,587,487,214,2193,0.23,9.3,31.74,26.77,22.21,9.76,"cad"
"76553","Sainte-Agathe-D'aliermont",0,4,4,20,20,63,111,0,3.6,3.6,18.02,18.02,56.76,"ouv"
"76554","Saint-Aignan-Sur-Ry",0,0,0,48,53,24,125,0,0,0,38.4,42.4,19.2,"emp"
"76555","Saint-André-Sur-Cailly",0,30,61,96,106,51,344,0,8.72,17.73,27.91,30.81,14.83,"emp"
"76556","Saint-Antoine-La-Forêt",0,12,48,112,112,128,412,0,2.91,11.65,27.18,27.18,31.07,"ouv"
"76557","Saint-Arnoult",10,40,45,125,139,120,479,2.09,8.35,9.39,26.1,29.02,25.05,"emp"
"76558","Saint-Aubin-Celloville",5,15,55,100,95,120,390,1.28,3.85,14.1,25.64,24.36,30.77,"ouv"
"76559","Saint-Aubin-De-Crétot",0,12,4,85,36,81,218,0,5.5,1.83,38.99,16.51,37.16,"int"
"76560","Saint-Aubin-Épinay",0,40,55,95,129,45,364,0,10.99,15.11,26.1,35.44,12.36,"emp"
"76561","Saint-Aubin-Lès-Elbeuf",0,85,190,794,793,830,2692,0,3.16,7.06,29.49,29.46,30.83,"ouv"
"76562","Saint-Aubin-Le-Cauf",0,21,47,109,99,47,323,0,6.5,14.55,33.75,30.65,14.55,"int"
"76563","Saint-Aubin-Routot",0,24,72,158,109,77,440,0,5.45,16.36,35.91,24.77,17.5,"int"
"76564","Saint-Aubin-Sur-Mer",8,4,0,12,20,16,60,13.33,6.67,0,20,33.33,26.67,"emp"
"76565","Saint-Aubin-Sur-Scie",5,15,45,101,121,86,373,1.34,4.02,12.06,27.08,32.44,23.06,"emp"
"76566","Sainte-Austreberthe",0,16,12,56,68,64,216,0,7.41,5.56,25.93,31.48,29.63,"emp"
"76567","Sainte-Beuve-En-Rivière",35,4,4,12,8,16,79,44.3,5.06,5.06,15.19,10.13,20.25,"agr"
"76568","Saint-Clair-Sur-Les-Monts",0,20,30,86,51,56,243,0,8.23,12.35,35.39,20.99,23.05,"int"
"76569","Sainte-Colombe",5,5,5,15,15,10,55,9.09,9.09,9.09,27.27,27.27,18.18,"int"
"76570","Saint-Crespin",0,0,15,30,5,30,80,0,0,18.75,37.5,6.25,37.5,"int"
"76571","Sainte-Croix-Sur-Buchy",0,20,40,97,81,40,278,0,7.19,14.39,34.89,29.14,14.39,"int"
"76572","Saint-Denis-D'aclon",0,4,0,23,23,8,58,0,6.9,0,39.66,39.66,13.79,"int"
"76573","Saint-Denis-Le-Thiboult",4,16,20,68,52,52,212,1.89,7.55,9.43,32.08,24.53,24.53,"int"
"76574","Saint-Denis-Sur-Scie",5,23,27,91,73,51,270,1.85,8.52,10,33.7,27.04,18.89,"int"
"76575","Saint-Étienne-Du-Rouvray",13,328,774,2089,2837,2508,8549,0.15,3.84,9.05,24.44,33.19,29.34,"emp"
"76576","Saint-Eustache-La-Forêt",4,12,24,60,119,163,382,1.05,3.14,6.28,15.71,31.15,42.67,"ouv"
"76577","Sainte-Foy",5,20,20,45,65,60,215,2.33,9.3,9.3,20.93,30.23,27.91,"emp"
"76578","Sainte-Geneviève",5,0,0,15,36,36,92,5.43,0,0,16.3,39.13,39.13,"emp"
"76580","Saint-Georges-Sur-Fontaine",0,40,96,85,65,30,316,0,12.66,30.38,26.9,20.57,9.49,"cad"
"76581","Saint-Germain-Des-Essourts",5,5,15,35,25,30,115,4.35,4.35,13.04,30.43,21.74,26.09,"int"
"76582","Saint-Germain-D'étables",0,0,5,10,40,25,80,0,0,6.25,12.5,50,31.25,"emp"
"76583","Saint-Germain-Sous-Cailly",5,10,15,66,35,35,166,3.01,6.02,9.04,39.76,21.08,21.08,"int"
"76584","Saint-Germain-Sur-Eaulne",0,0,0,39,23,20,82,0,0,0,47.56,28.05,24.39,"int"
"76585","Saint-Gilles-De-Crétot",0,5,40,45,50,65,205,0,2.44,19.51,21.95,24.39,31.71,"ouv"
"76586","Saint-Gilles-De-La-Neuville",0,12,45,74,66,74,271,0,4.43,16.61,27.31,24.35,27.31,"int"
"76587","Sainte-Hélène-Bondeville",0,8,16,86,82,75,267,0,3,5.99,32.21,30.71,28.09,"int"
"76588","Saint-Hellier",20,34,0,20,44,44,162,12.35,20.99,0,12.35,27.16,27.16,"emp"
"76589","Saint-Honoré",0,10,0,24,28,29,91,0,10.99,0,26.37,30.77,31.87,"ouv"
"76590","Saint-Jacques-D'aliermont",0,8,4,20,47,63,142,0,5.63,2.82,14.08,33.1,44.37,"ouv"
"76591","Saint-Jacques-Sur-Darnétal",8,55,201,226,202,122,814,0.98,6.76,24.69,27.76,24.82,14.99,"int"
"76592","Saint-Jean-De-Folleville",10,25,35,110,85,85,350,2.86,7.14,10,31.43,24.29,24.29,"int"
"76593","Saint-Jean-De-La-Neuville",8,12,12,67,87,47,233,3.43,5.15,5.15,28.76,37.34,20.17,"emp"
"76594","Saint-Jean-Du-Cardonnay",0,30,89,184,114,79,496,0,6.05,17.94,37.1,22.98,15.93,"int"
"76595","Saint-Jouin-Bruneval",5,35,81,267,211,156,755,0.66,4.64,10.73,35.36,27.95,20.66,"int"
"76596","Saint-Laurent-De-Brèvedent",16,24,61,207,142,97,547,2.93,4.39,11.15,37.84,25.96,17.73,"int"
"76597","Saint-Laurent-En-Caux",4,28,4,36,72,140,284,1.41,9.86,1.41,12.68,25.35,49.3,"ouv"
"76598","Saint-Léger-Aux-Bois",15,20,5,20,20,121,201,7.46,9.95,2.49,9.95,9.95,60.2,"ouv"
"76599","Saint-Léger-Du-Bourg-Denis",0,61,207,379,370,238,1255,0,4.86,16.49,30.2,29.48,18.96,"int"
"76600","Saint-Léonard",10,41,46,142,213,147,599,1.67,6.84,7.68,23.71,35.56,24.54,"emp"
"76602","Saint-Maclou-De-Folleville",0,21,17,55,105,71,269,0,7.81,6.32,20.45,39.03,26.39,"emp"
"76603","Saint-Maclou-La-Brière",5,10,35,65,40,40,195,2.56,5.13,17.95,33.33,20.51,20.51,"int"
"76604","Saint-Mards",0,0,20,10,30,20,80,0,0,25,12.5,37.5,25,"emp"
"76605","Sainte-Marguerite-Sur-Mer",5,10,45,45,30,35,170,2.94,5.88,26.47,26.47,17.65,20.59,"cad"
"76606","Morienne",5,0,0,10,15,25,55,9.09,0,0,18.18,27.27,45.45,"ouv"
"76607","Sainte-Marguerite-Sur-Fauville",0,8,16,44,20,36,124,0,6.45,12.9,35.48,16.13,29.03,"int"
"76608","Sainte-Marguerite-Sur-Duclair",20,25,55,215,160,240,715,2.8,3.5,7.69,30.07,22.38,33.57,"ouv"
"76609","Sainte-Marie-Au-Bosc",15,20,5,40,55,35,170,8.82,11.76,2.94,23.53,32.35,20.59,"emp"
"76610","Sainte-Marie-Des-Champs",0,30,70,100,135,130,465,0,6.45,15.05,21.51,29.03,27.96,"emp"
"76611","Saint-Martin-Aux-Arbres",4,4,12,44,28,32,124,3.23,3.23,9.68,35.48,22.58,25.81,"int"
"76612","Saint-Martin-Au-Bosc",0,0,0,10,45,35,90,0,0,0,11.11,50,38.89,"emp"
"76613","Saint-Martin-Aux-Buneaux",5,20,15,45,80,80,245,2.04,8.16,6.12,18.37,32.65,32.65,"emp"
"76614","Saint-Martin-De-Boscherville",0,57,178,150,49,41,475,0,12,37.47,31.58,10.32,8.63,"cad"
"76615","Saint-Martin-Du-Bec",0,19,38,57,48,53,215,0,8.84,17.67,26.51,22.33,24.65,"int"
"76616","Saint-Martin-Du-Manoir",0,40,110,210,95,100,555,0,7.21,19.82,37.84,17.12,18.02,"int"
"76617","Saint-Martin-Du-Vivier",10,40,156,172,66,30,474,2.11,8.44,32.91,36.29,13.92,6.33,"int"
"76618","Petit-Caux",29,138,260,1076,1028,1038,3569,0.81,3.87,7.28,30.15,28.8,29.08,"int"
"76619","Saint-Martin-Le-Gaillard",5,5,5,15,40,35,105,4.76,4.76,4.76,14.29,38.1,33.33,"emp"
"76620","Saint-Martin-L'hortier",12,25,12,29,37,12,127,9.45,19.69,9.45,22.83,29.13,9.45,"emp"
"76621","Saint-Martin-Osmonville",10,25,40,100,162,133,470,2.13,5.32,8.51,21.28,34.47,28.3,"emp"
"76622","Saint-Maurice-D'ételan",0,5,15,30,20,15,85,0,5.88,17.65,35.29,23.53,17.65,"int"
"76623","Saint-Michel-D'halescourt",9,0,0,14,10,5,38,23.68,0,0,36.84,26.32,13.16,"int"
"76624","Saint-Nicolas-D'aliermont",4,64,60,252,313,436,1129,0.35,5.67,5.31,22.32,27.72,38.62,"ouv"
"76626","Saint-Nicolas-De-La-Haie",0,0,25,64,30,64,183,0,0,13.66,34.97,16.39,34.97,"int"
"76627","Saint-Nicolas-De-La-Taille",0,28,74,188,156,143,589,0,4.75,12.56,31.92,26.49,24.28,"int"
"76628","Saint-Ouen-Du-Breuil",4,12,36,80,76,76,284,1.41,4.23,12.68,28.17,26.76,26.76,"int"
"76629","Saint-Ouen-Le-Mauger",15,0,0,25,25,50,115,13.04,0,0,21.74,21.74,43.48,"ouv"
"76630","Saint-Ouen-Sous-Bailly",0,0,12,16,20,32,80,0,0,15,20,25,40,"ouv"
"76631","Saint-Paër",0,45,59,145,125,120,494,0,9.11,11.94,29.35,25.3,24.29,"int"
"76632","Saint-Pierre-Bénouville",5,5,5,43,47,42,147,3.4,3.4,3.4,29.25,31.97,28.57,"emp"
"76634","Saint-Pierre-De-Manneville",0,19,48,86,95,38,286,0,6.64,16.78,30.07,33.22,13.29,"emp"
"76635","Saint-Pierre-Des-Jonquières",0,6,6,0,0,6,18,0,33.33,33.33,0,0,33.33,"art"
"76636","Saint-Pierre-De-Varengeville",5,29,122,230,255,172,813,0.62,3.57,15.01,28.29,31.37,21.16,"emp"
"76637","Saint-Pierre-En-Port",15,41,46,62,51,93,308,4.87,13.31,14.94,20.13,16.56,30.19,"ouv"
"76638","Saint-Pierre-En-Val",0,50,15,100,110,160,435,0,11.49,3.45,22.99,25.29,36.78,"ouv"
"76639","Saint-Pierre-Lavis",0,5,23,50,27,18,123,0,4.07,18.7,40.65,21.95,14.63,"int"
"76640","Saint-Pierre-Lès-Elbeuf",4,83,183,766,918,973,2927,0.14,2.84,6.25,26.17,31.36,33.24,"ouv"
"76641","Saint-Pierre-Le-Vieux",8,4,8,16,24,8,68,11.76,5.88,11.76,23.53,35.29,11.76,"emp"
"76642","Saint-Pierre-Le-Viger",0,4,8,8,12,28,60,0,6.67,13.33,13.33,20,46.67,"ouv"
"76644","Saint-Rémy-Boscrocourt",10,25,0,69,89,104,297,3.37,8.42,0,23.23,29.97,35.02,"ouv"
"76645","Saint-Riquier-En-Rivière",4,0,4,12,8,24,52,7.69,0,7.69,23.08,15.38,46.15,"ouv"
"76646","Saint-Riquier-Ès-Plains",0,10,30,65,55,50,210,0,4.76,14.29,30.95,26.19,23.81,"int"
"76647","Saint-Romain-De-Colbosc",0,53,146,355,380,335,1269,0,4.18,11.51,27.97,29.94,26.4,"emp"
"76648","Saint-Saëns",0,56,101,166,259,230,812,0,6.9,12.44,20.44,31.9,28.33,"emp"
"76649","Saint-Saire",16,12,12,57,69,89,255,6.27,4.71,4.71,22.35,27.06,34.9,"ouv"
"76650","Saint-Sauveur-D'émalleville",4,20,48,164,128,100,464,0.86,4.31,10.34,35.34,27.59,21.55,"int"
"76651","Saint-Sylvain",5,0,15,40,0,15,75,6.67,0,20,53.33,0,20,"int"
"76652","Saint-Vaast-D'équiqueville",13,17,4,42,50,100,226,5.75,7.52,1.77,18.58,22.12,44.25,"ouv"
"76653","Saint-Vaast-Dieppedalle",4,12,4,16,32,47,115,3.48,10.43,3.48,13.91,27.83,40.87,"ouv"
"76654","Saint-Vaast-Du-Val",0,5,25,40,45,50,165,0,3.03,15.15,24.24,27.27,30.3,"ouv"
"76655","Saint-Valery-En-Caux",8,79,163,409,378,283,1320,0.61,5.98,12.35,30.98,28.64,21.44,"int"
"76656","Saint-Victor-L'abbaye",0,0,30,55,114,84,283,0,0,10.6,19.43,40.28,29.68,"emp"
"76657","Saint-Vigor-D'ymonville",0,10,35,163,109,99,416,0,2.4,8.41,39.18,26.2,23.8,"int"
"76658","Saint-Vincent-Cramesnil",12,8,44,89,53,28,234,5.13,3.42,18.8,38.03,22.65,11.97,"int"
"76660","Sandouville",0,20,30,106,75,95,326,0,6.13,9.2,32.52,23.01,29.14,"int"
"76662","Sassetot-Le-Malgardé",5,0,5,10,15,10,45,11.11,0,11.11,22.22,33.33,22.22,"emp"
"76663","Sassetot-Le-Mauconduit",0,20,30,125,60,60,295,0,6.78,10.17,42.37,20.34,20.34,"int"
"76664","Sasseville",0,8,35,23,35,39,140,0,5.71,25,16.43,25,27.86,"ouv"
"76665","Sauchay",8,12,0,28,32,40,120,6.67,10,0,23.33,26.67,33.33,"ouv"
"76666","Saumont-La-Poterie",5,10,0,40,35,40,130,3.85,7.69,0,30.77,26.92,30.77,"int"
"76667","Sauqueville",0,8,4,54,41,41,148,0,5.41,2.7,36.49,27.7,27.7,"int"
"76668","Saussay",5,10,20,55,40,30,160,3.12,6.25,12.5,34.38,25,18.75,"int"
"76669","Sausseuzemare-En-Caux",0,0,0,40,65,55,160,0,0,0,25,40.62,34.38,"emp"
"76670","Senneville-Sur-Fécamp",12,12,20,98,106,57,305,3.93,3.93,6.56,32.13,34.75,18.69,"emp"
"76671","Sept-Meules",0,0,0,0,10,19,29,0,0,0,0,34.48,65.52,"ouv"
"76672","Serqueux",0,30,10,51,101,116,308,0,9.74,3.25,16.56,32.79,37.66,"ouv"
"76673","Servaville-Salmonville",4,12,53,160,123,66,418,0.96,2.87,12.68,38.28,29.43,15.79,"int"
"76674","Sévis",0,4,17,34,56,34,145,0,2.76,11.72,23.45,38.62,23.45,"emp"
"76675","Sierville",0,40,28,113,113,101,395,0,10.13,7.09,28.61,28.61,25.57,"int"
"76676","Sigy-En-Bray",0,31,15,40,60,91,237,0,13.08,6.33,16.88,25.32,38.4,"ouv"
"76677","Smermesnil",15,10,10,10,30,64,139,10.79,7.19,7.19,7.19,21.58,46.04,"ouv"
"76678","Sommery",10,10,20,76,97,81,294,3.4,3.4,6.8,25.85,32.99,27.55,"emp"
"76679","Sommesnil",16,0,0,4,8,24,52,30.77,0,0,7.69,15.38,46.15,"ouv"
"76680","Sorquainville",4,4,8,20,28,24,88,4.55,4.55,9.09,22.73,31.82,27.27,"emp"
"76681","Sotteville-Lès-Rouen",0,363,1256,2831,3229,2198,9877,0,3.68,12.72,28.66,32.69,22.25,"emp"
"76682","Sotteville-Sous-Le-Val",0,5,50,118,65,44,282,0,1.77,17.73,41.84,23.05,15.6,"int"
"76683","Sotteville-Sur-Mer",4,25,4,37,12,4,86,4.65,29.07,4.65,43.02,13.95,4.65,"int"
"76684","Tancarville",5,20,51,157,107,148,488,1.02,4.1,10.45,32.17,21.93,30.33,"int"
"76685","Thérouldeville",0,10,15,91,70,91,277,0,3.61,5.42,32.85,25.27,32.85,"int"
"76686","Theuville-Aux-Maillots",5,5,5,34,59,73,181,2.76,2.76,2.76,18.78,32.6,40.33,"ouv"
"76688","Thiergeville",10,10,0,44,54,54,172,5.81,5.81,0,25.58,31.4,31.4,"emp"
"76689","Thiétreville",0,16,24,48,44,40,172,0,9.3,13.95,27.91,25.58,23.26,"int"
"76690","Thil-Manneville",0,10,24,68,49,103,254,0,3.94,9.45,26.77,19.29,40.55,"ouv"
"76691","Thil-Riberpré",0,20,0,10,5,25,60,0,33.33,0,16.67,8.33,41.67,"ouv"
"76692","Thiouville",0,10,5,24,29,39,107,0,9.35,4.67,22.43,27.1,36.45,"ouv"
"76693","Tilleul",12,20,24,80,68,36,240,5,8.33,10,33.33,28.33,15,"int"
"76694","Tocqueville-En-Caux",0,0,0,5,10,25,40,0,0,0,12.5,25,62.5,"ouv"
"76695","Tocqueville-Les-Murs",0,0,10,42,36,41,129,0,0,7.75,32.56,27.91,31.78,"int"
"76697","Torcy-Le-Grand",0,40,5,35,115,139,334,0,11.98,1.5,10.48,34.43,41.62,"ouv"
"76698","Torcy-Le-Petit",0,10,5,52,67,57,191,0,5.24,2.62,27.23,35.08,29.84,"emp"
"76699","Torp-Mesnil",4,8,4,42,33,79,170,2.35,4.71,2.35,24.71,19.41,46.47,"ouv"
"76700","Tôtes",4,33,37,115,177,213,579,0.69,5.7,6.39,19.86,30.57,36.79,"ouv"
"76702","Touffreville-La-Corbeline",16,12,24,96,72,84,304,5.26,3.95,7.89,31.58,23.68,27.63,"int"
"76703","Touffreville-Sur-Eu",0,5,10,29,15,10,69,0,7.25,14.49,42.03,21.74,14.49,"int"
"76705","Tourville-La-Rivière",0,54,84,197,320,246,901,0,5.99,9.32,21.86,35.52,27.3,"emp"
"76706","Tourville-Les-Ifs",4,20,20,55,71,31,201,1.99,9.95,9.95,27.36,35.32,15.42,"emp"
"76707","Tourville-Sur-Arques",4,28,40,125,121,133,451,0.89,6.21,8.87,27.72,26.83,29.49,"ouv"
"76708","Toussaint",0,21,21,67,47,67,223,0,9.42,9.42,30.04,21.08,30.04,"int"
"76709","Trait",0,71,87,366,455,727,1706,0,4.16,5.1,21.45,26.67,42.61,"ouv"
"76710","Trémauville",5,0,5,15,0,5,30,16.67,0,16.67,50,0,16.67,"int"
"76711","Tréport",10,102,112,296,469,499,1488,0.67,6.85,7.53,19.89,31.52,33.53,"ouv"
"76712","Trinité-Du-Mont",0,13,25,101,89,135,363,0,3.58,6.89,27.82,24.52,37.19,"ouv"
"76714","Trois-Pierres",8,38,17,67,67,58,255,3.14,14.9,6.67,26.27,26.27,22.75,"int"
"76715","Trouville",12,20,32,76,56,40,236,5.08,8.47,13.56,32.2,23.73,16.95,"int"
"76716","Turretot",5,20,113,210,163,128,639,0.78,3.13,17.68,32.86,25.51,20.03,"int"
"76717","Val-De-La-Haye",0,31,35,93,74,43,276,0,11.23,12.68,33.7,26.81,15.58,"int"
"76718","Valliquerville",10,63,58,156,146,107,540,1.85,11.67,10.74,28.89,27.04,19.81,"int"
"76719","Valmont",0,40,30,50,104,80,304,0,13.16,9.87,16.45,34.21,26.32,"emp"
"76720","Varengeville-Sur-Mer",4,12,71,83,48,83,301,1.33,3.99,23.59,27.57,15.95,27.57,"int"
"76721","Varneville-Bretteville",4,12,12,60,20,20,128,3.12,9.38,9.38,46.88,15.62,15.62,"int"
"76723","Vassonville",5,20,15,29,49,54,172,2.91,11.63,8.72,16.86,28.49,31.4,"ouv"
"76724","Vatierville",0,0,4,4,8,35,51,0,0,7.84,7.84,15.69,68.63,"ouv"
"76725","Vattetot-Sous-Beaumont",0,12,25,90,57,57,241,0,4.98,10.37,37.34,23.65,23.65,"int"
"76726","Vattetot-Sur-Mer",0,0,8,45,62,25,140,0,0,5.71,32.14,44.29,17.86,"emp"
"76727","Vatteville-La-Rue",0,29,33,131,110,135,438,0,6.62,7.53,29.91,25.11,30.82,"ouv"
"76728","Vaupalière",0,12,60,115,96,32,315,0,3.81,19.05,36.51,30.48,10.16,"int"
"76729","Veauville-Lès-Baons",10,10,31,125,57,62,295,3.39,3.39,10.51,42.37,19.32,21.02,"int"
"76730","Veauville-Lès-Quelles",0,5,5,18,9,14,51,0,9.8,9.8,35.29,17.65,27.45,"int"
"76731","Vénestanville",0,4,0,4,25,46,79,0,5.06,0,5.06,31.65,58.23,"ouv"
"76732","Butot-Vénesville",0,5,5,10,45,30,95,0,5.26,5.26,10.53,47.37,31.58,"emp"
"76733","Ventes-Saint-Rémy",0,4,0,20,20,32,76,0,5.26,0,26.32,26.32,42.11,"ouv"
"76734","Vergetot",0,9,34,65,35,35,178,0,5.06,19.1,36.52,19.66,19.66,"int"
"76735","Veules-Les-Roses",10,15,10,39,63,20,157,6.37,9.55,6.37,24.84,40.13,12.74,"emp"
"76736","Veulettes-Sur-Mer",0,10,20,24,30,25,109,0,9.17,18.35,22.02,27.52,22.94,"emp"
"76737","Vibeuf",0,10,31,83,62,57,243,0,4.12,12.76,34.16,25.51,23.46,"int"
"76738","Vieux-Manoir",5,10,54,98,93,49,309,1.62,3.24,17.48,31.72,30.1,15.86,"int"
"76739","Vieux-Rouen-Sur-Bresle",5,5,0,11,38,129,188,2.66,2.66,0,5.85,20.21,68.62,"ouv"
"76740","Vieux-Rue",12,21,41,86,41,25,226,5.31,9.29,18.14,38.05,18.14,11.06,"int"
"76741","Villainville",0,4,16,45,20,24,109,0,3.67,14.68,41.28,18.35,22.02,"int"
"76743","Villers-Écalles",8,36,68,195,183,187,677,1.18,5.32,10.04,28.8,27.03,27.62,"int"
"76744","Villers-Sous-Foucarmont",0,10,0,20,20,25,75,0,13.33,0,26.67,26.67,33.33,"ouv"
"76745","Villy-Sur-Yères",0,5,5,5,15,46,76,0,6.58,6.58,6.58,19.74,60.53,"ouv"
"76746","Vinnemerville",0,0,4,20,32,20,76,0,0,5.26,26.32,42.11,26.32,"emp"
"76747","Virville",5,10,20,50,20,20,125,4,8,16,40,16,16,"int"
"76748","Vittefleur",0,30,20,75,50,69,244,0,12.3,8.2,30.74,20.49,28.28,"int"
"76749","Wanchy-Capval",29,0,5,15,25,54,128,22.66,0,3.91,11.72,19.53,42.19,"ouv"
"76750","Yainville",5,5,10,70,110,164,364,1.37,1.37,2.75,19.23,30.22,45.05,"ouv"
"76751","Yébleron",10,31,21,151,109,167,489,2.04,6.34,4.29,30.88,22.29,34.15,"ouv"
"76752","Yerville",12,65,85,104,300,247,813,1.48,8,10.46,12.79,36.9,30.38,"emp"
"76753","Ymare",0,44,73,206,117,48,488,0,9.02,14.96,42.21,23.98,9.84,"int"
"76754","Yport",5,20,25,40,80,93,263,1.9,7.6,9.51,15.21,30.42,35.36,"ouv"
"76755","Ypreville-Biville",10,5,15,40,50,85,205,4.88,2.44,7.32,19.51,24.39,41.46,"ouv"
"76756","Yquebeuf",0,16,10,10,10,21,67,0,23.88,14.93,14.93,14.93,31.34,"ouv"
"76757","Yvecrique",5,5,20,82,108,71,291,1.72,1.72,6.87,28.18,37.11,24.4,"emp"
"76758","Yvetot",0,188,472,884,1141,1217,3902,0,4.82,12.1,22.66,29.24,31.19,"ouv"
"76759","Yville-Sur-Seine",5,5,10,73,36,47,176,2.84,2.84,5.68,41.48,20.45,26.7,"int"
